## 第三章 单行函数

> **重点**：转换函数，条件表达式
>
> **区分**：单行函数  vs  多行函数
>
> * 单行函数   -   一个输入一个输出结果
>   * 字符
>   * 通用
>   * 数值
>   * 日期
>   * **转换**
> * 多行函数   -   多个输入一个输出结果



### 一、基本操作

#### 1、字符函数

* **LOWER、UPPER、INITCAP**

  ```SQL
  SQL> select lower('JUKSMA'),upper('JukSam java'),initcap('juksam') from dual;
  
  --result
  LOWER('JUKSMA') UPPER('JUKSAMJAVA') INITCAP('JUKSAM')
  --------------- ------------------- -----------------
  juksma          JUKSAM JAVA         Juksam
  
  --为了以防万一
  SQL> select last_name from employees where lower(last_name) = 'king';
  ```

* **字符控制字符**

  ```sql
  SQL> select concat('hello','world'),substr('hello world',2,4),length('hellowowrld') from dual;
  
  CONCAT('HELLO','WORLD') SUBSTR('HELLOWORLD',2,4) LENGTH('HELLOWOWRLD')
  ----------------------- ------------------------ ---------------------
  helloworld              ello                                        11
  
  -- 注意，substr索引从1开始，数多个数
  ```

  > 在某个字符串首次出现的位置

  ```sql
    SQL> select instr('hellojava','ava') from dual;
  
    INSTR('HELLOJAVA','AVA')
    ------------------------
                           7
  ```

  > 显示多少位，不足的使用‘ ? ’补齐

  ```sql
  -- salary使用lpad，方便观看
  SQL> select employee_id,salary,lpad(salary,10,' ') from employees;
  
  SQL> select employee_id,salary,rpad(salary,10,'*') from employees;
  ```

  > 缩减或替换

  ```sql
  -- 只能去首位
  SQL> select trim('h' from 'hhhellowrldhhdh') from dual;
  
  -- 替换
  SQL> select replace('Helloworld','l','d') from dual;
  
  REPLACE('HELLOWORLD','L','D')
  -----------------------------
  Heddowordd
  ```



#### 2、数字函数

* **ROUND**

```SQL
SQL> select round(435.45,2),round(435.25),round(435.45,-2) from dual;

ROUND(435.45,2) ROUND(435.25) ROUND(435.45,-2)
--------------- ------------- ----------------
         435.45           435              400

1 row selected
```

* **TRUNC**

```SQL
SQL> select trunc(435.45,1),trunc(435.25),trunc(435.45,-1) from dual;

TRUNC(435.45,1) TRUNC(435.25) TRUNC(435.45,-1)
--------------- ------------- ----------------
          435.4           435              430

1 row selected
```

* **MOD**

```sql
SQL> select mod(1100,300) from dual;

MOD(1100,300)
-------------
          200

1 row selected
```



#### 3、日期函数

> 1. 在日期上加上或减去一个数字结果仍为日期
> 2. 两个日期相减返回日期之间相差的天数（但不能相加）
> 3. 可以用数字除24来向日期中加上或减去天数

```sql
SQL> select sysdate,sysdate+1,sysdate-3 from dual;

SYSDATE     SYSDATE+1   SYSDATE-3
----------- ----------- -----------
2020/2/2 22 2020/2/3 22 2020/1/30 2

1 row selected
```

> 查看员工来了多少天/月

```sql
select employee_id,last_name,trunc(sysdate-hire_date) worked_days from employees;

SQL> select employee_id,last_name,months_between(sysdate,hire_date) from employees;
```

> 查看日期

```sql
SQL> select add_months(sysdate,2),add_months(sysdate,-3),next_day(sysdate,'星期日') 
from dual;

ADD_MONTHS(SYSDATE,2) ADD_MONTHS(SYSDATE,-3) NEXT_DAY(SYSDATE,'星期日')
--------------------- ---------------------- -----------------------
2020/4/2 22:40:21     2019/11/2 22:40:21     2020/2/9 22:40:21

1 row selected
```

> 来公司的员工中，hire_date是每个月倒数第二天来公司的有哪些

```sql
SQL> select last_name,hire_date from employees where hire_date = last_day(hire_date)-1;
LAST_NAME                 HIRE_DATE
------------------------- -----------
Atkinson                  1997/10/30
Tucker                    1997/1/30
Olsen                     1998/3/30
King                      1996/1/30

4 rows selected


SQL> select last_day(sysdate) from dual;
LAST_DAY(SYSDATE)
-----------------
2020/2/29 22:47:0

1 row selected
```

> round trunc

```sql
SQL> select round(sysdate,'month'),round(sysdate,'mm'),trunc(sysdate,'hh') from dual;

ROUND(SYSDATE,'MONTH') ROUND(SYSDATE,'MM') TRUNC(SYSDATE,'HH')
---------------------- ------------------- -------------------
2020/2/1               2020/2/1            2020/2/2 22:00:00

1 row selected
```



#### 4、 转换函数

* 隐式数据类型转换

| 源数据类型                 | 目标数据类型 |
| -------------------------- | ------------ |
| **VARCHAR2** or  **CHAR**  | **NUMBER**   |
| **VARCHAR2**  or  **CHAR** | **DATE**     |
| **NUMBER**                 | **VARCHAR2** |
| **DATE**                   | **VARCHAR2** |

------

```sql
SQL> select '12' + 2 from dual;

    '12'+2
----------
        14

1 row selected
```

```sql
SQL> select sysdate + '2' from dual;

SYSDATE+'2'
-----------
2020/2/4 22

1 row selected
```

* 显示类型转换

> **TO_DATE   TO_CHAR   TO_NUMBER**  

```sql
SQL> select employee_id,hire_date from employees where to_char(hire_date,'yyyy-mm-dd') = '1994-06-07';
EMPLOYEE_ID HIRE_DATE
----------- -----------
        203 1994/6/7
        204 1994/6/7
        205 1994/6/7
        206 1994/6/7

4 rows selected


SQL> select employee_id,hire_date from employees where to_date('1994-06-07','yyyy-mm-dd')=hire_date;
EMPLOYEE_ID HIRE_DATE
----------- -----------
        203 1994/6/7
        204 1994/6/7
        205 1994/6/7
        206 1994/6/7

4 rows selected
```

> 转换为数字类型

```sql
SQL> select to_number('￥001,234,567.89','L000,000,999.99') from dual;

TO_NUMBER('￥001,234,567.89','L000,000,999.99')
----------------------------------------------
                                    1234567.89

1 row selected
```



#### 5、通用函数

```sql
-- 这些函数适用于任何数据类型，也适合空值：
```

* **NVL**(expr1,expr2)

```sql
-- 如果为空，则使用后面的值代替
select employee_id,last_name,salary*12*(1+nvl(commission_pct,0)) from employees;

-- 输出last_name,department_id,当department_id为null时，显示没有部门
select employee_id,last_name,salary*12*(1+nvl(commission_pct,0)) from employees;
```

* **NVL2**(expr1,expr2,expr3)

```sql
-- 查询员工的奖金率，若为空，返回0.01，若不为空，返回实际奖金率+0.015
SQL> select last_name,nvl2(commission_pct,commission_pct+0.015,0.01) from employees;
```

* **NULLIF**(expr1,expr2)
* **COALESCE**(expr1,expr2,...,exprn)



#### 6、表达式

> **CASE** **expr** **WHEN** **comparison_expr1** **THEN** **return_expr1**
>
> ​     **[**WHEN **comparison_expr2** **THEN** **return_expr2**
>
> ​     **WHEN** **comparison_exprn** **THEN** **return_exprn**
>
> ​     **ELSE** **else_expr**]
>
> **END**

```sql
/*
查询部门号为 10, 20, 30 的员工信息, 若部门号为 10, 则打印其工资的 1.1 倍, 20 号部门, 则打印其工资的 1.2 倍, 30 号部门打印其工资的 1.3 倍数
*/
```

